{
    "match-stats": {
        "creeps-denied": 35,
        "creeps-killed": 3710,
        "creeps-lasthit": 0,
        "creeps-missed": 1507,
        "duration": 3015.0,
        "duration-all": 3105.0,
        "total-num-of-fights": 45,
        "winner": "radiant"
    },
    "player-stats": {
        "0": {
            "GPM": 342.0,
            "XPM": 494.0,
            "average-check-duration": 1.752193480499031,
            "average-fight-movement-speed": 273.88083725354176,
            "average_distance": 1440.3692710335306,
            "avg_camera_movement": 1338.0569548145947,
            "contested-total": 98,
            "distance_std_dev": 2286.426256650658,
            "fight-coordination": 0.70710678118654746,
            "fight-melee-damage": 1059,
            "fight-spell-damage": 12341,
            "hero": "phoenix",
            "initiation_score": -6,
            "lasthit-contested": 14,
            "lasthit-free": 44,
            "missed-contested": 38,
            "missed-free": 37,
            "n-checks": 129,
            "num-camera-jumps": 454,
            "num-creeps-denied": 2,
            "num-creeps-last-hit": 58,
            "num-lane-creeps-lasthit": 38,
            "num-neutral-creeps-lasthit": 20,
            "num-of-deaths": 12,
            "num-of-fights": 28,
            "num-of-kills": 6,
            "percentFar": 0.1577194555615966,
            "percentMove": 0.17281164874615912,
            "percentSelf": 0.6694688956922443,
            "rax-damage": 31,
            "solo-deaths": 0,
            "solo-kills": 0,
            "steam-id": "76561198012943979",
            "team-deaths": 12,
            "team-kills": 6,
            "time-visible": 1294.893310546875,
            "time-visible-first10": 257.2874755859375,
            "total-check-duration": 226.032958984375,
            "total-melee-damage": 1328,
            "total-spell-damage": 13005,
            "tower-damage": 0
        },
        "1": {
            "GPM": 764.0,
            "XPM": 645.0,
            "average-check-duration": 1.5893130095108696,
            "average-fight-movement-speed": 202.84659435575978,
            "average_distance": 1464.6520029280964,
            "avg_camera_movement": 1105.046399823417,
            "contested-total": 154,
            "distance_std_dev": 2236.545022169056,
            "fight-coordination": 0.0,
            "fight-melee-damage": 12492,
            "fight-spell-damage": 3249,
            "hero": "terrorblade",
            "initiation_score": -1,
            "lasthit-contested": 69,
            "lasthit-free": 370,
            "missed-contested": 32,
            "missed-free": 37,
            "n-checks": 69,
            "num-camera-jumps": 498,
            "num-creeps-denied": 11,
            "num-creeps-last-hit": 439,
            "num-lane-creeps-lasthit": 286,
            "num-neutral-creeps-lasthit": 153,
            "num-of-deaths": 6,
            "num-of-fights": 20,
            "num-of-kills": 12,
            "percentFar": 0.16800596853247782,
            "percentMove": 0.12345600455611005,
            "percentSelf": 0.7085380269114121,
            "rax-damage": 3141,
            "solo-deaths": 0,
            "solo-kills": 0,
            "steam-id": "76561198126159833",
            "team-deaths": 5,
            "team-kills": 12,
            "time-visible": 1855.3168029785156,
            "time-visible-first10": 499.824462890625,
            "total-check-duration": 109.66259765625,
            "total-melee-damage": 13487,
            "total-spell-damage": 4165,
            "tower-damage": 4222
        },
        "2": {
            "GPM": 243.0,
            "XPM": 431.0,
            "average-check-duration": 3.1553226169064748,
            "average-fight-movement-speed": 171.41033411052902,
            "average_distance": 2540.4595699061556,
            "avg_camera_movement": 659.5194471659255,
            "contested-total": 93,
            "distance_std_dev": 3176.1951961257396,
            "fight-coordination": 2.1213203435596419,
            "fight-melee-damage": 14627,
            "fight-spell-damage": 1289,
            "hero": "riki",
            "initiation_score": -2,
            "lasthit-contested": 0,
            "lasthit-free": 31,
            "missed-contested": 27,
            "missed-free": 19,
            "n-checks": 139,
            "num-camera-jumps": 220,
            "num-creeps-denied": 1,
            "num-creeps-last-hit": 31,
            "num-lane-creeps-lasthit": 20,
            "num-neutral-creeps-lasthit": 11,
            "num-of-deaths": 13,
            "num-of-fights": 23,
            "num-of-kills": 8,
            "percentFar": 0.3466214208705778,
            "percentMove": 0.11412621651078213,
            "percentSelf": 0.5392523626186401,
            "rax-damage": 0,
            "solo-deaths": 0,
            "solo-kills": 2,
            "steam-id": "76561198012629464",
            "team-deaths": 13,
            "team-kills": 6,
            "time-visible": 662.5701904296875,
            "time-visible-first10": 85.912353515625,
            "total-check-duration": 438.58984375,
            "total-melee-damage": 15188,
            "total-spell-damage": 1311,
            "tower-damage": 65
        },
        "3": {
            "GPM": 559.0,
            "XPM": 645.0,
            "average-check-duration": 2.254473559429191,
            "average-fight-movement-speed": 319.7357377963182,
            "average_distance": 1487.5094759934564,
            "avg_camera_movement": 654.9045964634714,
            "contested-total": 94,
            "distance_std_dev": 2202.3099575452316,
            "fight-coordination": 0.70710678118654735,
            "fight-melee-damage": 11635,
            "fight-spell-damage": 0,
            "hero": "faceless_void",
            "initiation_score": 3,
            "lasthit-contested": 31,
            "lasthit-free": 273,
            "missed-contested": 36,
            "missed-free": 17,
            "n-checks": 173,
            "num-camera-jumps": 252,
            "num-creeps-denied": 0,
            "num-creeps-last-hit": 304,
            "num-lane-creeps-lasthit": 155,
            "num-neutral-creeps-lasthit": 149,
            "num-of-deaths": 5,
            "num-of-fights": 18,
            "num-of-kills": 4,
            "percentFar": 0.18483017390505146,
            "percentMove": 0.12938093695411748,
            "percentSelf": 0.685788889140831,
            "rax-damage": 909,
            "solo-deaths": 0,
            "solo-kills": 1,
            "steam-id": "76561198006271511",
            "team-deaths": 5,
            "team-kills": 3,
            "time-visible": 1208.36962890625,
            "time-visible-first10": 366.910400390625,
            "total-check-duration": 390.02392578125,
            "total-melee-damage": 12519,
            "total-spell-damage": 0,
            "tower-damage": 610
        },
        "4": {
            "GPM": 523.0,
            "XPM": 646.0,
            "average-check-duration": 1.4498046875,
            "average-fight-movement-speed": 642.4513544767325,
            "average_distance": 3645.415666381983,
            "avg_camera_movement": 831.6539193619429,
            "contested-total": 180,
            "distance_std_dev": 4748.703551953395,
            "fight-coordination": 2.4142135623730958,
            "fight-melee-damage": 1819,
            "fight-spell-damage": 50539,
            "hero": "tinker",
            "initiation_score": -6,
            "lasthit-contested": 75,
            "lasthit-free": 281,
            "missed-contested": 29,
            "missed-free": 58,
            "n-checks": 155,
            "num-camera-jumps": 258,
            "num-creeps-denied": 6,
            "num-creeps-last-hit": 356,
            "num-lane-creeps-lasthit": 327,
            "num-neutral-creeps-lasthit": 29,
            "num-of-deaths": 10,
            "num-of-fights": 32,
            "num-of-kills": 15,