{
    "match-stats": {
        "creeps-denied": 69,
        "creeps-killed": 2962,
        "creeps-lasthit": 1329,
        "creeps-missed": 1564,
        "duration": 2670.0,
        "duration-all": 2760.0,
        "total-num-of-fights": 64,
        "winner": "dire"
    },
    "player-stats": {
        "0": {
            "GPM": 96.0,
            "XPM": 287.0,
            "average-check-duration": 2.5251532660590277,
            "average-fight-movement-speed": 250.9826501085425,
            "average_distance": 1353.9154260097948,
            "avg_camera_movement": 381.47325408459136,
            "distance_std_dev": 2023.7290379826982,
            "fight-coordination": 0.0,
            "hero": "lion",
            "initiation_score": 5.561699364977141,
            "melee-damage": 477.0,
            "n-checks": 36,
            "num-camera-jumps": 58,
            "num-creeps-denied": 8,
            "num-creeps-last-hit": 85,
            "num-lane-creeps-lasthit": 60,
            "num-neutral-creeps-lasthit": 24,
            "num-of-deaths": 8,
            "num-of-fights": 25,
            "num-of-kills": 5,
            "num-siege-creeps-lasthit": 1,
            "percentFar": 0.12364932482619966,
            "percentMove": 0.2763650275755747,
            "percentSelf": 0.5999856475982256,
            "rax-damage": 0,
            "solo-deaths": 0,
            "solo-kills": 0,
            "spell-damage": 6193.0,
            "steam-id": "76561198010978448",
            "team-deaths": 8,
            "team-kills": 5,
            "time-visible": 1264.2362365722656,
            "time-visible-first10": 405.580810546875,
            "total-check-duration": 90.905517578125,
            "tower-damage": 13.0
        },
        "1": {
            "GPM": 308.0,
            "XPM": 520.0,
            "average-check-duration": 5.765694754464286,
            "average-fight-movement-speed": 304.6907591265499,
            "average_distance": 1255.2716420291317,
            "avg_camera_movement": 362.815241077438,
            "distance_std_dev": 1764.3214475198165,
            "fight-coordination": 1.2032848117009523,
            "hero": "antimage",
            "initiation_score": 5.296364042732055,
            "melee-damage": 3396.0,
            "n-checks": 28,
            "num-camera-jumps": 81,
            "num-creeps-denied": 13,
            "num-creeps-last-hit": 275,
            "num-lane-creeps-lasthit": 236,
            "num-neutral-creeps-lasthit": 33,
            "num-of-deaths": 6,
            "num-of-fights": 23,
            "num-of-kills": 3,
            "num-siege-creeps-lasthit": 6,
            "percentFar": 0.1688622210894612,
            "percentMove": 0.10575318457736019,
            "percentSelf": 0.7253845943331786,
            "rax-damage": 0,
            "solo-deaths": 0,
            "solo-kills": 0,
            "spell-damage": 1467.0,
            "steam-id": "76561198009804779",
            "team-deaths": 6,
            "team-kills": 3,
            "time-visible": 1479.3221740722656,
            "time-visible-first10": 405.51416015625,
            "total-check-duration": 161.439453125,
            "tower-damage": 1328.0
        },
        "2": {
            "GPM": 240.0,
            "XPM": 421.0,
            "average-check-duration": 1.0159514054008152,
            "average-fight-movement-speed": 346.3652079030389,
            "average_distance": 1392.701842540598,
            "avg_camera_movement": 1164.409793447096,
            "distance_std_dev": 2277.7149369666004,
            "fight-coordination": 3.1868675237491209,
            "hero": "spectre",
            "initiation_score": 8.100877424265306,
            "melee-damage": 2466.0,
            "n-checks": 92,
            "num-camera-jumps": 318,
            "num-creeps-denied": 5,
            "num-creeps-last-hit": 272,
            "num-lane-creeps-lasthit": 175,
            "num-neutral-creeps-lasthit": 88,
            "num-of-deaths": 5,
            "num-of-fights": 31,
            "num-of-kills": 4,
            "num-siege-creeps-lasthit": 9,
            "percentFar": 0.11926275316771495,
            "percentMove": 0.16767426682364375,
            "percentSelf": 0.7130629800086413,
            "rax-damage": 0,
            "solo-deaths": 1,
            "solo-kills": 0,
            "spell-damage": 10603.0,
            "steam-id": "76561198019532009",
            "team-deaths": 4,
            "team-kills": 4,
            "time-visible": 1326.2062072753906,
            "time-visible-first10": 383.7724914550781,
            "total-check-duration": 93.467529296875,
            "tower-damage": 559.0
        },
        "3": {
            "GPM": 133.0,
            "XPM": 305.0,
            "average-check-duration": 1.3720217176303742,
            "average-fight-movement-speed": 215.61963057331627,
            "average_distance": 1910.2130593561278,
            "avg_camera_movement": 960.0318559121891,
            "distance_std_dev": 2501.1606872871093,
            "fight-coordination": 1.4797607425625736,
            "hero": "pudge",
            "initiation_score": 8.669562631385869,
            "melee-damage": 990.0,
            "n-checks": 314,
            "num-camera-jumps": 359,
            "num-creeps-denied": 2,
            "num-creeps-last-hit": 95,
            "num-lane-creeps-lasthit": 71,
            "num-neutral-creeps-lasthit": 21,
            "num-of-deaths": 13,
            "num-of-fights": 38,
            "num-of-kills": 9,
            "num-siege-creeps-lasthit": 3,
            "percentFar": 0.23895236312903367,
            "percentMove": 0.18059869308002488,
            "percentSelf": 0.5804489437909415,
            "rax-damage": 0,
            "solo-deaths": 1,
            "solo-kills": 0,
            "spell-damage": 29465.0,
            "steam-id": "76561198131142608",
            "team-deaths": 12,
            "team-kills": 9,
            "time-visible": 1350.0409240722656,
            "time-visible-first10": 405.5671691894531,
            "total-check-duration": 430.8148193359375,
            "tower-damage": 296.0
        },
        "4": {
            "GPM": 128.0,
            "XPM": 249.0,
            "average-check-duration": 2.3431266118021843,
            "average-fight-movement-speed": 242.51580018819263,
            "average_distance": 1470.6794689434948,
            "avg_camera_movement": 445.7575061025685,
            "distance_std_dev": 2170.9285436602327,
            "fight-coordination": 0.0,
            "hero": "bounty_hunter",
            "initiation_score": 7.468702416332105,
            "melee-damage": 745.0,
            "n-checks": 103,
            "num-camera-jumps": 99,
            "num-creeps-denied": 0,
            "num-creeps-last-hit": 12,
            "num-lane-creeps-lasthit": 8,
            "num-neutral-creeps-lasthit": 2,
            "num-of-deaths": 10,
            "num-of-fights": 34,
            "num-of-kills": 4,
            "num-siege-creeps-lasthit": 2,
            "percentFar": 0.17940701249725985,
            "percentMove": 0.10982245537196411,
            "percentSelf": 0.710770532130776,
            "rax-damage": 0,
            "solo-deaths": 0,
            "solo-kills": 0,
            "spell-damage": 1711.0,
            "steam-id": "76561198196552534",
            "team-deaths": 10,
            "team-kills": 4,
            "time-visible": 968.2130432128906,
            "time-visible-first10": 183.28811645507812,
            "total-check-duration": 241.342041015625,
            "tower-damage": 203.0
        },
        "5": {
            "GPM": 455.0,
            "XPM": 640.0,
            "average-check-duration": 1.244482421875,
            "average-fight-movement-speed": 278.32107708537296,
            "average_distance": 1511.1419899067353,
            "avg_camera_movement": 783.0314088753037,
            "distance_std_dev": 1937.875059290385,
            "fight-coordination": 1.8436992299555079,
            "hero": "storm_spirit",