{
    "match-stats": {
        "creeps-denied": 56,
        "creeps-killed": 2671,
        "creeps-lasthit": 1711,
        "creeps-missed": 904,
        "duration": 2264.0,
        "duration-all": 2354.0,
        "total-num-of-fights": 52,
        "winner": "dire"
    },
    "player-stats": {
        "0": {
            "GPM": 100.0,
            "XPM": 263.0,
            "average-check-duration": 0.8711081582991803,
            "average-fight-movement-speed": 234.74984392469366,
            "average_distance": 2207.3760595529534,
            "avg_camera_movement": 1951.2827311940289,
            "contested-total": 80,
            "distance_std_dev": 3279.956468440263,
            "fight-coordination": 2.0064491000640414,
            "hero": "spirit_breaker",
            "initiation_score": 1.3539823008849559,
            "lasthit-contested": 5,
            "lasthit-free": 66,
            "melee-damage": 1868.0,
            "missed-contested": 13,
            "missed-free": 18,
            "n-checks": 305,
            "num-camera-jumps": 600,
            "num-creeps-denied": 1,
            "num-creeps-last-hit": 71,
            "num-lane-creeps-lasthit": 44,
            "num-neutral-creeps-lasthit": 27,
            "num-of-deaths": 6,
            "num-of-fights": 16,
            "num-of-kills": 3,
            "percentFar": 0.2360536345516742,
            "percentMove": 0.14060030186483602,
            "percentSelf": 0.6233460635834898,
            "rax-damage": 0,
            "solo-deaths": 0,
            "solo-kills": 0,
            "spell-damage": 3692.0,
            "steam-id": "76561197978446698",
            "team-deaths": 6,
            "team-kills": 3,
            "time-visible": 740.2149658203125,
            "time-visible-first10": 230.826416015625,
            "total-check-duration": 265.68798828125,
            "tower-damage": 20.0
        },
        "1": {
            "GPM": 363.0,
            "XPM": 707.0,
            "average-check-duration": 0.6520439823971519,
            "average-fight-movement-speed": 332.47082521039073,
            "average_distance": 1261.9583441957793,
            "avg_camera_movement": 1495.67389505654,
            "contested-total": 117,
            "distance_std_dev": 2159.7597306251605,
            "fight-coordination": 2.9547965716293465,
            "hero": "queenofpain",
            "initiation_score": -1.1920299690536944,
            "lasthit-contested": 24,
            "lasthit-free": 295,
            "melee-damage": 7626.0,
            "missed-contested": 17,
            "missed-free": 40,
            "n-checks": 79,
            "num-camera-jumps": 429,
            "num-creeps-denied": 11,
            "num-creeps-last-hit": 319,
            "num-lane-creeps-lasthit": 220,
            "num-neutral-creeps-lasthit": 99,
            "num-of-deaths": 4,
            "num-of-fights": 22,
            "num-of-kills": 8,
            "percentFar": 0.09861204923492743,
            "percentMove": 0.2698897734406135,
            "percentSelf": 0.631498177324459,
            "rax-damage": 42.0,
            "solo-deaths": 0,
            "solo-kills": 0,
            "spell-damage": 11543.0,
            "steam-id": "76561197972496930",
            "team-deaths": 4,
            "team-kills": 8,
            "time-visible": 1041.1663818359375,
            "time-visible-first10": 353.863037109375,
            "total-check-duration": 51.511474609375,
            "tower-damage": 1427.0
        },
        "2": {
            "GPM": 449.0,
            "XPM": 566.0,
            "average-check-duration": 0.7083457324637875,
            "average-fight-movement-speed": 507.88317402786635,
            "average_distance": 1538.9315675425914,
            "avg_camera_movement": 1322.9166637755377,
            "contested-total": 97,
            "distance_std_dev": 2707.7416218649378,
            "fight-coordination": 3.0477395431061112,
            "hero": "antimage",
            "initiation_score": -0.6460176991150443,
            "lasthit-contested": 49,
            "lasthit-free": 229,
            "melee-damage": 4886.0,
            "missed-contested": 10,
            "missed-free": 36,
            "n-checks": 233,
            "num-camera-jumps": 313,
            "num-creeps-denied": 12,
            "num-creeps-last-hit": 278,
            "num-lane-creeps-lasthit": 226,
            "num-neutral-creeps-lasthit": 52,
            "num-of-deaths": 5,
            "num-of-fights": 21,
            "num-of-kills": 1,
            "percentFar": 0.12663076889967648,
            "percentMove": 0.1655330616152232,
            "percentSelf": 0.7078361694851003,
            "rax-damage": 76.0,
            "solo-deaths": 1,
            "solo-kills": 0,
            "spell-damage": 1291.0,
            "steam-id": "76561198060583478",
            "team-deaths": 3,
            "team-kills": 1,
            "time-visible": 1228.9931640625,
            "time-visible-first10": 472.7340087890625,
            "total-check-duration": 165.0445556640625,
            "tower-damage": 2285.0
        },
        "3": {
            "GPM": 53.0,
            "XPM": 172.0,
            "average-check-duration": 0.5199564200680272,
            "average-fight-movement-speed": 267.9765686690522,
            "average_distance": 1286.6846597528563,
            "avg_camera_movement": 1488.242273140086,
            "contested-total": 69,
            "distance_std_dev": 1944.6680959867324,
            "fight-coordination": 0.65463582649150021,
            "hero": "dazzle",
            "initiation_score": -2.646017699115044,
            "lasthit-contested": 6,
            "lasthit-free": 12,
            "melee-damage": 770.0,
            "missed-contested": 10,
            "missed-free": 20,
            "n-checks": 147,
            "num-camera-jumps": 444,
            "num-creeps-denied": 2,
            "num-creeps-last-hit": 18,
            "num-lane-creeps-lasthit": 17,
            "num-neutral-creeps-lasthit": 1,
            "num-of-deaths": 2,
            "num-of-fights": 11,
            "num-of-kills": 1,
            "percentFar": 0.09865602473414399,
            "percentMove": 0.2631461202641745,
            "percentSelf": 0.6381978550016815,
            "rax-damage": 0,
            "solo-deaths": 0,
            "solo-kills": 0,
            "spell-damage": 1443.0,
            "steam-id": "76561198031551853",
            "team-deaths": 2,
            "team-kills": 1,
            "time-visible": 595.1090087890625,
            "time-visible-first10": 289.478759765625,
            "total-check-duration": 76.43359375,
            "tower-damage": 120.0
        },
        "4": {
            "GPM": 285.0,
            "XPM": 422.0,
            "average-check-duration": 1.356782393022017,
            "average-fight-movement-speed": 335.67871041063506,
            "average_distance": 1494.1263694300608,
            "avg_camera_movement": 722.7621027386293,
            "contested-total": 58,
            "distance_std_dev": 2456.4039643123842,
            "fight-coordination": 2.0688493888645954,
            "hero": "dark_seer",
            "initiation_score": 1.4539877300613497,
            "lasthit-contested": 33,
            "lasthit-free": 198,
            "melee-damage": 500.0,
            "missed-contested": 19,
            "missed-free": 28,
            "n-checks": 88,
            "num-camera-jumps": 142,
            "num-creeps-denied": 1,
            "num-creeps-last-hit": 231,
            "num-lane-creeps-lasthit": 162,
            "num-neutral-creeps-lasthit": 69,
            "num-of-deaths": 5,
            "num-of-fights": 20,
            "num-of-kills": 0,
            "percentFar": 0.13382325220078445,
            "percentMove": 0.1860220141971373,
            "percentSelf": 0.6801547336020782,
            "rax-damage": 0,
            "solo-deaths": 1,
            "solo-kills": 0,
            "spell-damage": 5404.0,
            "steam-id": "76561198000475053",