{
    "match-stats": {
        "creeps-killed": 1849,
        "creeps-lasthit": 714,
        "duration": 1812.0,
        "duration-all": 1887.0,
        "winner": "radiant"
    },
    "player-stats": {
        "0": {
            "GPM": 588.0,
            "XPM": 717.0,
            "average-check-duration": 2.9780810546875,
            "camera-stats": {
                "average_distance": 1260.833810424543,
                "avg_movement": 532.2019025386313,
                "distance_std_dev": 2467.3175537719735,
                "jumps": 73,
                "percentFar": 0.08880205974533659,
                "percentMove": 0.29653889612742124,
                "percentSelf": 0.6146590441272421
            },
            "contested-denied": 1,
            "contested-lasthit": 7,
            "contested-total": 31,
            "contested-unclaimed": 23,
            "damage-synchronization": 0,
            "denies": 0,
            "denies-with-exp": 0,
            "fight-coordination": 1.3702238461315477,
            "hero": "ursa",
            "initation-score": 0.44323957316831814,
            "lane-creeps": 45,
            "lasthit-contested": 14,
            "lasthit-free": 111,
             
            "missed-contested": 10,
            "missed-free": 14,
            "n-checks": 25,
            "neutrals": 80,
            "num-of-deaths": 3,
            "num-of-fights": 32,
            "num-of-kills": 19,
            "rax-damage": 280.0,
            "solo-deaths": 0,
            "solo-kills": 1,
            "steamid": "76561198135467598",
            "team-deaths": 2,
            "team-kills": 18,
            "time-visible": 792.1429443359375,
            "time-visible-first10": 194.6888427734375,
            "tower-damage": 467.0
        },
        "1": {
            "GPM": 588.0,
            "XPM": 656.0,
            "average-check-duration": 2.5993927001953123,
            "camera-stats": {
                "average_distance": 855.2494549999708,
                "avg_movement": 493.8775409221526,
                "distance_std_dev": 1268.463244467291,
                "jumps": 68,
                "percentFar": 0.06107271817766469,
                "percentMove": 0.19385608136844465,
                "percentSelf": 0.7450712004538906
            },
            "contested-denied": 5,
            "contested-lasthit": 21,
            "contested-total": 63,
            "contested-unclaimed": 37,
            "damage-synchronization": 0,
            "denies": 5,
            "denies-with-exp": 4,
            "fight-coordination": 2.6582309873252514,
            "hero": "sven",
            "initation-score": 0.3121232626158734,
            "lane-creeps": 84,
            "lasthit-contested": 28,
            "lasthit-free": 147,
            "lasthits": 175,
            "missed-contested": 17,
            "missed-free": 37,
            "n-checks": 20,
            "neutrals": 91,
            "num-of-deaths": 2,
            "num-of-fights": 12,
            "num-of-kills": 10,
            "rax-damage": 2226.0,
            "solo-deaths": 1,
            "solo-kills": 0,
            "steamid": "76561198060930664",
            "team-deaths": 1,
            "team-kills": 9,
            "time-visible": 805.0744171142578,
            "time-visible-first10": 324.2030792236328,
            "tower-damage": 2443.0
        },
        "2": {
            "GPM": 399.0,
            "XPM": 422.0,
            "average-check-duration": 2.5613234383719305,
            "camera-stats": {
                "average_distance": 1412.0967415699404,
                "avg_movement": 527.2813426770954,
                "distance_std_dev": 2485.280605977579,
                "jumps": 77,
                "percentFar": 0.13097622031937006,
                "percentMove": 0.16026143819813413,
                "percentSelf": 0.7087623414824958
            },
            "contested-denied": 7,
            "contested-lasthit": 23,
            "contested-total": 86,
            "contested-unclaimed": 56,
            "damage-synchronization": 0,
            "denies": 4,
            "denies-with-exp": 3,
            "fight-coordination": 1.8044458895542221,
            "hero": "centaur",
            "initation-score": 0.3025914624656862,
            "lane-creeps": 87,
            "lasthit-contested": 29,
            "lasthit-free": 74,
            "lasthits": 103,
            "missed-contested": 23,
            "missed-free": 27,
            "n-checks": 56,
            "neutrals": 16,
            "num-of-deaths": 3,
            "num-of-fights": 28,
            "num-of-kills": 8,
            "rax-damage": 699.0,
            "solo-deaths": 0,
            "solo-kills": 0,
            "steamid": "76561198072310452",
            "team-deaths": 3,
            "team-kills": 15,
            "time-visible": 1241.9772491455078,
            "time-visible-first10": 465.6127014160156,
            "tower-damage": 3691.0
        },
        "3": {
            "GPM": 277.0,
            "XPM": 254.0,
            "average-check-duration": 2.222071493825605,
            "camera-stats": {
                "average_distance": 1387.7822213985532,
                "avg_movement": 572.8128422707919,
                "distance_std_dev": 1963.591322953099,
                "jumps": 48,
                "percentFar": 0.16312158462317225,
                "percentMove": 0.16965732932515512,
                "percentSelf": 0.6672210860516726
            },
            "contested-denied": 4,
            "contested-lasthit": 16,
            "contested-total": 63,
            "contested-unclaimed": 43,
            "damage-synchronization": 0,
            "denies": 1,
            "denies-with-exp": 0,
            "fight-coordination": 1.8044458895542221,
            "hero": "skywrath_mage",
            "initation-score": 0.2236280474519606,
            "lane-creeps": 5,
            "lasthit-contested": 3,
            "lasthit-free": 2,
            "lasthits": 5,
            "missed-contested": 22,
            "missed-free": 23,
            "n-checks": 62,
            "neutrals": 0,
            "num-of-deaths": 8,
            "num-of-fights": 20,
            "num-of-kills": 4,
            "rax-damage": 304.0,
            "solo-deaths": 1,
            "solo-kills": 0,
            "steamid": "76561198307230104",
            "team-deaths": 5,
            "team-kills": 12,
            "time-visible": 1045.822250366211,
            "time-visible-first10": 347.5838317871094,
            "tower-damage": 150.0
        },
        "4": {
            "GPM": 441.0,
            "XPM": 568.0,
            "average-check-duration": 2.00345028147978,
            "camera-stats": {
                "average_distance": 1086.93398918571,
                "avg_movement": 592.4319205686221,
                "distance_std_dev": 1675.0184662221034,
                "jumps": 104,
                "percentFar": 0.09936643094765606,
                "percentMove": 0.12027379483288012,
                "percentSelf": 0.7803597742194638
            },
            "contested-denied": 4,
            "contested-lasthit": 17,
            "contested-total": 85,
            "contested-unclaimed": 64,
            "damage-synchronization": 0,
            "denies": 2,
            "denies-with-exp": 1,
            "fight-coordination": 2.0810285009931491,
            "hero": "zuus",
            "initation-score": 0.28028094354624966,
            "lane-creeps": 88,
            "lasthit-contested": 32,
            "lasthit-free": 77,
            "lasthits": 109,
            "missed-contested": 29,
            "missed-free": 37,
            "n-checks": 34,
            "neutrals": 21,
            "num-of-deaths": 2,
            "num-of-fights": 28,
            "num-of-kills": 8,
            "rax-damage": 438.0,
            "solo-deaths": 0,
            "solo-kills": 1,
            "steamid": "76561198170989573",
            "team-deaths": 2,
            "team-kills": 15,