{
    "match-stats": {
        "creeps-denied": 0,
        "creeps-killed": 1849,
        "creeps-lasthit": 0,
        "creeps-missed": 1849,
        "duration": 1812.0,
        "duration-all": 1887.0,
        "total-num-of-fights": 34,
        "winner": "radiant"
    },
    "player-stats": {
        "0": {
            "GPM": 713.0,
            "XPM": 747.0,
            "average-check-duration": 2.9780810546875,
            "average-fight-movement-speed": 264.31588949976896,
            "average_distance": 1260.833810424543,
            "avg_camera_movement": 532.2019025386313,
            "contested-total": 31,
            "distance_std_dev": 2467.3175537719735,
            "fight-coordination": 1.3626627108742877,
            "fight-melee-damage": 22031,
            "fight-spell-damage": 1827,
            "hero": "ursa",
            "initiation_score": 3,
            "lasthit-contested": 0,
            "lasthit-free": 0,
            "missed-contested": 43,
            "missed-free": 141,
            "n-checks": 25,
            "num-camera-jumps": 73,
            "num-creeps-denied": 0,
            "num-creeps-last-hit": 0,
            "num-lane-creeps-lasthit": 0,
            "num-neutral-creeps-lasthit": 0,
            "num-of-deaths": 3,
            "num-of-fights": 18,
            "num-of-kills": 19,
            "percentFar": 0.08880205974533659,
            "percentMove": 0.29653889612742124,
            "percentSelf": 0.6146590441272421,
            "rax-damage": 280,
            "solo-deaths": 0,
            "solo-kills": 3,
            "steam-id": "76561198135467598",
            "team-deaths": 2,
            "team-kills": 16,
            "time-visible": 792.1429443359375,
            "time-visible-first10": 194.6888427734375,
            "total-check-duration": 74.4520263671875,
            "total-melee-damage": 24219,
            "total-spell-damage": 1963,
            "tower-damage": 467
        },
        "1": {
            "GPM": 712.0,
            "XPM": 683.0,
            "average-check-duration": 2.5993927001953123,
            "average-fight-movement-speed": 178.91623535984806,
            "average_distance": 855.2494549999708,
            "avg_camera_movement": 493.8775409221526,
            "contested-total": 63,
            "distance_std_dev": 1268.463244467291,
            "fight-coordination": 4.3653377685118002,
            "fight-melee-damage": 10647,
            "fight-spell-damage": 4530,
            "hero": "sven",
            "initiation_score": 3,
            "lasthit-contested": 0,
            "lasthit-free": 0,
            "missed-contested": 55,
            "missed-free": 198,
            "n-checks": 20,
            "num-camera-jumps": 68,
            "num-creeps-denied": 0,
            "num-creeps-last-hit": 0,
            "num-lane-creeps-lasthit": 0,
            "num-neutral-creeps-lasthit": 0,
            "num-of-deaths": 2,
            "num-of-fights": 10,
            "num-of-kills": 10,
            "percentFar": 0.06107271817766469,
            "percentMove": 0.19385608136844465,
            "percentSelf": 0.7450712004538906,
            "rax-damage": 2226,
            "solo-deaths": 1,
            "solo-kills": 1,
            "steam-id": "76561198060930664",
            "team-deaths": 1,
            "team-kills": 9,
            "time-visible": 805.0744171142578,
            "time-visible-first10": 324.2030792236328,
            "total-check-duration": 51.98785400390625,
            "total-melee-damage": 10699,
            "total-spell-damage": 4530,
            "tower-damage": 2443
        },
        "2": {
            "GPM": 515.0,
            "XPM": 439.0,
            "average-check-duration": 2.561323438371931,
            "average-fight-movement-speed": 283.5387094313816,
            "average_distance": 1412.0967415699404,
            "avg_camera_movement": 527.2813426770954,
            "contested-total": 86,
            "distance_std_dev": 2485.280605977579,
            "fight-coordination": 2.1738444232824037,
            "fight-melee-damage": 1211,
            "fight-spell-damage": 7082,
            "hero": "centaur",
            "initiation_score": 2,
            "lasthit-contested": 0,
            "lasthit-free": 0,
            "missed-contested": 67,
            "missed-free": 122,
            "n-checks": 56,
            "num-camera-jumps": 77,
            "num-creeps-denied": 0,
            "num-creeps-last-hit": 0,
            "num-lane-creeps-lasthit": 0,
            "num-neutral-creeps-lasthit": 0,
            "num-of-deaths": 3,
            "num-of-fights": 14,
            "num-of-kills": 8,
            "percentFar": 0.13097622031937006,
            "percentMove": 0.16026143819813413,
            "percentSelf": 0.7087623414824958,
            "rax-damage": 699,
            "solo-deaths": 0,
            "solo-kills": 0,
            "steam-id": "76561198072310452",
            "team-deaths": 3,
            "team-kills": 8,
            "time-visible": 1241.9772491455078,
            "time-visible-first10": 465.6127014160156,
            "total-check-duration": 143.43411254882812,
            "total-melee-damage": 2001,
            "total-spell-damage": 9248,
            "tower-damage": 3691
        },
        "3": {
            "GPM": 389.0,
            "XPM": 265.0,
            "average-check-duration": 2.222071493825605,
            "average-fight-movement-speed": 297.9827079000994,
            "average_distance": 1387.7822213985532,
            "avg_camera_movement": 572.8128422707919,
            "contested-total": 63,
            "distance_std_dev": 1963.591322953099,
            "fight-coordination": 1.4142135623730949,
            "fight-melee-damage": 1020,
            "fight-spell-damage": 4381,
            "hero": "skywrath_mage",
            "initiation_score": 3,
            "lasthit-contested": 0,
            "lasthit-free": 0,
            "missed-contested": 48,
            "missed-free": 47,
            "n-checks": 62,
            "num-camera-jumps": 48,
            "num-creeps-denied": 0,
            "num-creeps-last-hit": 0,
            "num-lane-creeps-lasthit": 0,
            "num-neutral-creeps-lasthit": 0,
            "num-of-deaths": 8,
            "num-of-fights": 13,
            "num-of-kills": 4,
            "percentFar": 0.16312158462317225,
            "percentMove": 0.16965732932515512,
            "percentSelf": 0.6672210860516726,
            "rax-damage": 304,
            "solo-deaths": 1,
            "solo-kills": 0,
            "steam-id": "76561198307230104",
            "team-deaths": 6,
            "team-kills": 4,
            "time-visible": 1045.822250366211,
            "time-visible-first10": 347.5838317871094,
            "total-check-duration": 137.7684326171875,
            "total-melee-damage": 1174,
            "total-spell-damage": 4836,
            "tower-damage": 150
        },
        "4": {
            "GPM": 559.0,
            "XPM": 591.0,
            "average-check-duration": 2.0034502814797794,
            "average-fight-movement-speed": 254.8284644812677,
            "average_distance": 1086.93398918571,
            "avg_camera_movement": 592.4319205686221,
            "contested-total": 85,
            "distance_std_dev": 1675.0184662221034,
            "fight-coordination": 2.0698831504762047,
            "fight-melee-damage": 256,
            "fight-spell-damage": 24574,
            "hero": "zuus",
            "initiation_score": 5,
            "lasthit-contested": 0,
            "lasthit-free": 0,
            "missed-contested": 67,
            "missed-free": 136,
            "n-checks": 34,
            "num-camera-jumps": 104,
            "num-creeps-denied": 0,
            "num-creeps-last-hit": 0,
            "num-lane-creeps-lasthit": 0,
            "num-neutral-creeps-lasthit": 0,
            "num-of-deaths": 2,
            "num-of-fights": 17,
            "num-of-kills": 8,
            "percentFar": 0.09936643094765606,