{
    "match-stats": {
        "creeps-denied": 14,
        "creeps-killed": 1849,
        "creeps-lasthit": 714,
        "creeps-missed": 1121,
        "duration": 1812.0,
        "duration-all": 1887.0,
        "total-num-of-fights": 31,
        "winner": "radiant"
    },
    "player-stats": {
        "0": {
            "GPM": 713.0,
            "XPM": 747.0,
            "average-check-duration": 2.9780810546875,
            "average-fight-centroid-dist": 1845.3112720539339,
            "average-fight-centroid-dist-team": 1659.8693596788773,
            "average-fight-movement-speed": 258.96455764789835,
            "average_distance": 1260.833810424543,
            "avg_camera_movement": 532.2019025386313,
            "contested-total": 68,
            "distance_std_dev": 2467.3175537719735,
            "fight-coordination": 39.718447600073944,
            "fight-melee-damage": 22728,
            "fight-spell-damage": 1895,
            "hero": "ursa",
            "initiation_score": 0,
            "lasthit-contested": 22,
            "lasthit-free": 103,
            "missed-contested": 37,
            "missed-free": 23,
            "n-checks": 25,
            "num-camera-jumps": 73,
            "num-creeps-denied": 0,
            "num-creeps-last-hit": 125,
            "num-lane-creeps-lasthit": 45,
            "num-neutral-creeps-lasthit": 80,
            "num-of-deaths": 3,
            "num-of-fights": 18,
            "num-of-kills": 19,
            "percentFar": 0.08880205974533659,
            "percentMove": 0.29653889612742124,
            "percentSelf": 0.6146590441272421,
            "rax-damage": 280,
            "solo-deaths": 0,
            "solo-kills": 2,
            "steam-id": "76561198135467598",
            "team-deaths": 2,
            "team-kills": 17,
            "team_heal_amount": 447,
            "time-visible": 792.1429443359375,
            "time-visible-first10": 194.6888427734375,
            "total-check-duration": 74.4520263671875,
            "total-melee-damage": 24219,
            "total-spell-damage": 1963,
            "tower-damage": 467
        },
        "1": {
            "GPM": 712.0,
            "XPM": 683.0,
            "average-check-duration": 2.5993927001953123,
            "average-fight-centroid-dist": 956.2990059324317,
            "average-fight-centroid-dist-team": 1092.903250623329,
            "average-fight-movement-speed": 165.99692977906244,
            "average_distance": 855.2494549999708,
            "avg_camera_movement": 493.8775409221526,
            "contested-total": 115,
            "distance_std_dev": 1268.463244467291,
            "fight-coordination": 17.874680168479433,
            "fight-melee-damage": 10647,
            "fight-spell-damage": 4530,
            "hero": "sven",
            "initiation_score": -1,
            "lasthit-contested": 43,
            "lasthit-free": 132,
            "missed-contested": 43,
            "missed-free": 51,
            "n-checks": 20,
            "num-camera-jumps": 68,
            "num-creeps-denied": 5,
            "num-creeps-last-hit": 175,
            "num-lane-creeps-lasthit": 84,
            "num-neutral-creeps-lasthit": 91,
            "num-of-deaths": 2,
            "num-of-fights": 10,
            "num-of-kills": 10,
            "percentFar": 0.06107271817766469,
            "percentMove": 0.19385608136844465,
            "percentSelf": 0.7450712004538906,
            "rax-damage": 2226,
            "solo-deaths": 1,
            "solo-kills": 1,
            "steam-id": "76561198060930664",
            "team-deaths": 1,
            "team-kills": 9,
            "team_heal_amount": 0,
            "time-visible": 805.0744171142578,
            "time-visible-first10": 324.2030792236328,
            "total-check-duration": 51.98785400390625,
            "total-melee-damage": 10699,
            "total-spell-damage": 4530,
            "tower-damage": 2443
        },
        "2": {
            "GPM": 515.0,
            "XPM": 439.0,
            "average-check-duration": 2.561323438371931,
            "average-fight-centroid-dist": 1319.3439808295025,
            "average-fight-centroid-dist-team": 1030.082192427224,
            "average-fight-movement-speed": 272.4988273287784,
            "average_distance": 1412.0967415699404,
            "avg_camera_movement": 527.2813426770954,
            "contested-total": 149,
            "distance_std_dev": 2485.280605977579,
            "fight-coordination": 42.63071873504596,
            "fight-melee-damage": 1538,
            "fight-spell-damage": 7575,
            "hero": "centaur",
            "initiation_score": 1,
            "lasthit-contested": 48,
            "lasthit-free": 55,
            "missed-contested": 65,
            "missed-free": 33,
            "n-checks": 56,
            "num-camera-jumps": 77,
            "num-creeps-denied": 4,
            "num-creeps-last-hit": 103,
            "num-lane-creeps-lasthit": 87,
            "num-neutral-creeps-lasthit": 16,
            "num-of-deaths": 3,
            "num-of-fights": 15,
            "num-of-kills": 8,
            "percentFar": 0.13097622031937006,
            "percentMove": 0.16026143819813413,
            "percentSelf": 0.7087623414824958,
            "rax-damage": 699,
            "solo-deaths": 0,
            "solo-kills": 0,
            "steam-id": "76561198072310452",
            "team-deaths": 3,
            "team-kills": 8,
            "team_heal_amount": 0,
            "time-visible": 1241.9772491455078,
            "time-visible-first10": 465.6127014160156,
            "total-check-duration": 143.43411254882812,
            "total-melee-damage": 2001,
            "total-spell-damage": 9248,
            "tower-damage": 3691
        },
        "3": {
            "GPM": 389.0,
            "XPM": 265.0,
            "average-check-duration": 2.222071493825605,
            "average-fight-centroid-dist": 1492.8983911629186,
            "average-fight-centroid-dist-team": 1099.932217757651,
            "average-fight-movement-speed": 297.86417222845785,
            "average_distance": 1387.7822213985532,
            "avg_camera_movement": 572.8128422707919,
            "contested-total": 141,
            "distance_std_dev": 1963.591322953099,
            "fight-coordination": 22.007170169491914,
            "fight-melee-damage": 1020,
            "fight-spell-damage": 4381,
            "hero": "skywrath_mage",
            "initiation_score": 1,
            "lasthit-contested": 3,
            "lasthit-free": 2,
            "missed-contested": 61,
            "missed-free": 30,
            "n-checks": 62,
            "num-camera-jumps": 48,
            "num-creeps-denied": 1,
            "num-creeps-last-hit": 5,
            "num-lane-creeps-lasthit": 5,
            "num-neutral-creeps-lasthit": 0,
            "num-of-deaths": 8,
            "num-of-fights": 12,
            "num-of-kills": 4,
            "percentFar": 0.16312158462317225,
            "percentMove": 0.16965732932515512,
            "percentSelf": 0.6672210860516726,
            "rax-damage": 304,
            "solo-deaths": 1,
            "solo-kills": 0,
            "steam-id": "76561198307230104",
            "team-deaths": 5,
            "team-kills": 4,
            "team_heal_amount": 400,
            "time-visible": 1045.822250366211,
            "time-visible-first10": 347.5838317871094,
            "total-check-duration": 137.7684326171875,
            "total-melee-damage": 1174,
            "total-spell-damage": 4836,
            "tower-damage": 150
        },
        "4": {
            "GPM": 559.0,
            "XPM": 591.0,
            "average-check-duration": 2.0034502814797794,
            "average-fight-centroid-dist": 1729.7590369169784,
            "average-fight-centroid-dist-team": 1427.6097336407863,
            "average-fight-movement-speed": 258.49250117354984,
            "average_distance": 1086.93398918571,