{
    "match-stats": {
        "creeps-killed": 2166,
        "creeps-lasthit": 1109,
        "duration": 1773.0,
        "duration-all": 1863.0,
        "winner": "dire"
    },
    "player-stats": {
        "0": {
            "GPM": 126.0,
            "XPM": 327.0,
            "average-check-duration": 1.345159959423449,
            "creeps-missed": 0,
            "damage-synchronization": 0,
            "denies": 2,
            "denies-with-exp": 1,
            "fight-coordination": 0.90220549451875121,
            "hero": "spirit_breaker",
            "initation-score": 0.009671016224940333,
            "lane-creeps": 52,
            "lasthits": 64,
            "n-checks": 129,
            "neutrals": 3,
            "num-of-deaths": 7,
            "num-of-fights": 26,
            "num-of-kills": 1,
            "steamid": "76561198027466304",
            "time-visible": 846.8480529785156,
            "time-visible-first10": 354.7442932128906
        },
        "1": {
            "GPM": 176.0,
            "XPM": 374.0,
            "average-check-duration": 0.6794409469182316,
            "creeps-missed": 0,
            "damage-synchronization": 0,
            "denies": 3,
            "denies-with-exp": 2,
            "fight-coordination": 0.0,
            "hero": "oracle",
            "initation-score": 0.046306495195559925,
            "lane-creeps": 32,
            "lasthits": 51,
            "n-checks": 253,
            "neutrals": 4,
            "num-of-deaths": 5,
            "num-of-fights": 28,
            "num-of-kills": 10,
            "steamid": "76561198015864421",
            "time-visible": 919.5172424316406,
            "time-visible-first10": 316.7535705566406
        },
        "2": {
            "GPM": 90.0,
            "XPM": 302.0,
            "average-check-duration": 1.7536845075974776,
            "creeps-missed": 0,
            "damage-synchronization": 0,
            "denies": 1,
            "denies-with-exp": 1,
            "fight-coordination": 0.91665239630983719,
            "hero": "lion",
            "initation-score": 0.1007364291811198,
            "lane-creeps": 27,
            "lasthits": 36,
            "n-checks": 109,
            "neutrals": 1,
            "num-of-deaths": 8,
            "num-of-fights": 20,
            "num-of-kills": 2,
            "steamid": "76561197983810875",
            "time-visible": 736.9984130859375,
            "time-visible-first10": 246.873046875
        },
        "3": {
            "GPM": 379.0,
            "XPM": 468.0,
            "average-check-duration": 0.9886807528409093,
            "creeps-missed": 0,
            "damage-synchronization": 0,
            "denies": 14,
            "denies-with-exp": 12,
            "fight-coordination": 1.7930205326394679,
            "hero": "queenofpain",
            "initation-score": 0.14963764117279182,
            "lane-creeps": 138,
            "lasthits": 192,
            "n-checks": 99,
            "neutrals": 37,
            "num-of-deaths": 4,
            "num-of-fights": 26,
            "num-of-kills": 8,
            "steamid": "76561197981378290",
            "time-visible": 926.6831359863281,
            "time-visible-first10": 388.0028381347656
        },
        "4": {
            "GPM": 291.0,
            "XPM": 496.0,
            "average-check-duration": 0.6258110434322035,
            "creeps-missed": 0,
            "damage-synchronization": 0,
            "denies": 6,
            "denies-with-exp": 3,
            "fight-coordination": 1.708533278895076,
            "hero": "slark",
            "initation-score": 0.028090311862870948,
            "lane-creeps": 115,
            "lasthits": 186,
            "n-checks": 118,
            "neutrals": 60,
            "num-of-deaths": 4,
            "num-of-fights": 19,
            "num-of-kills": 8,
            "steamid": "76561198088324668",
            "time-visible": 881.5632629394531,
            "time-visible-first10": 449.6902160644531
        },
        "5": {
            "GPM": 285.0,
            "XPM": 371.0,
            "average-check-duration": 0.5894942938112747,
            "creeps-missed": 0,
            "damage-synchronization": 0,
            "denies": 5,
            "denies-with-exp": 5,
            "fight-coordination": 2.9342698955977924,
            "hero": "shredder",
            "initation-score": -0.027743778049775604,
            "lane-creeps": 47,
            "lasthits": 85,
            "n-checks": 51,
            "neutrals": 33,
            "num-of-deaths": 8,
            "num-of-fights": 19,
            "num-of-kills": 6,
            "steamid": "76561198049304158",
            "time-visible": 924.1924133300781,
            "time-visible-first10": 482.8154602050781
        },
        "6": {
            "GPM": 238.0,
            "XPM": 312.0,
            "average-check-duration": 1.1832601857739828,
            "creeps-missed": 0,
            "damage-synchronization": 0,
            "denies": 1,
            "denies-with-exp": 1,
            "fight-coordination": 1.1201214813052733,
            "hero": "ogre_magi",
            "initation-score": 0.006602827177382578,
            "lane-creeps": 8,
            "lasthits": 15,
            "n-checks": 172,
            "neutrals": 3,
            "num-of-deaths": 5,
            "num-of-fights": 25,
            "num-of-kills": 4,
            "steamid": "76561198085118227",
            "time-visible": 727.7672424316406,
            "time-visible-first10": 194.91665649414062
        },
        "7": {
            "GPM": 592.0,
            "XPM": 676.0,
            "average-check-duration": 0.5569052108990152,
            "creeps-missed": 0,
            "damage-synchronization": 0,
            "denies": 16,
            "denies-with-exp": 15,
            "fight-coordination": 2.6902143445991289,
            "hero": "juggernaut",
            "initation-score": 0.07273340074148972,
            "lane-creeps": 138,
            "lasthits": 204,
            "n-checks": 203,
            "neutrals": 54,
            "num-of-deaths": 5,
            "num-of-fights": 23,
            "num-of-kills": 10,
            "steamid": "76561198003541947",
            "time-visible": 994.2241516113281,
            "time-visible-first10": 444.2557678222656
        },
        "8": {
            "GPM": 370.0,
            "XPM": 427.0,
            "average-check-duration": 1.3894042968749998,
            "creeps-missed": 0,
            "damage-synchronization": 0,
            "denies": 0,
            "denies-with-exp": 0,
            "fight-coordination": 1.9342698955977917,
            "hero": "beastmaster",
            "initation-score": 0.036374478234943344,
            "lane-creeps": 32,
            "lasthits": 144,
            "n-checks": 13,
            "neutrals": 107,
            "num-of-deaths": 4,
            "num-of-fights": 13,
            "num-of-kills": 0,
            "steamid": "76561197983356132",
            "time-visible": 616.307861328125,
            "time-visible-first10": 54.25341796875
        },
        "9": {
            "GPM": 265.0,
            "XPM": 292.0,
            "average-check-duration": 3.8174235026041674,
            "creeps-missed": 0,
            "damage-synchronization": 0,
            "denies": 4,
            "denies-with-exp": 4,
            "fight-coordination": 0.0,
            "hero": "tinker",
            "initation-score": -0.03339717282261742,
            "lane-creeps": 106,
            "lasthits": 132,
            "n-checks": 36,
            "neutrals": 24,
            "num-of-deaths": 8,
            "num-of-fights": 25,
            "num-of-kills": 2,
            "steamid": "76561198129624977",
            "time-visible": 921.5884094238281,
            "time-visible-first10": 481.9798889160156
        }
    }
}