{
    "match-stats": {
        "creeps-killed": 5279,
        "creeps-lasthit": 2314,
        "duration": 3911.0,
        "duration-all": 4001.0
    },
    "player-stats": {
        "0": {
            "GPM": 48.0,
            "XPM": 220.0,
            "average-check-duration": 0.8895263671874999,
            "creeps-missed": 0,
            "denies": 7,
            "denies-with-exp": 5,
            "initation-score": 0.05010200463695877,
            "lane-creeps": 41,
            "lasthits": 49,
            "n-checks": 485,
            "neutrals": 6,
            "num-of-deaths": 12,
            "num-of-fights": 42,
            "num-of-kills": 2,
            "steamid": 76561198047544485,
            "time-visible": 1249.40625,
            "time-visible-first10": 204.016845703125
        },
        "1": {
            "GPM": 123.0,
            "XPM": 371.0,
            "average-check-duration": 0.8721087077175977,
            "creeps-missed": 0,
            "denies": 4,
            "denies-with-exp": 2,
            "initation-score": 0.08165214235423124,
            "lane-creeps": 82,
            "lasthits": 107,
            "n-checks": 461,
            "neutrals": 23,
            "num-of-deaths": 8,
            "num-of-fights": 45,
            "num-of-kills": 1,
            "steamid": 76561198047648307,
            "time-visible": 1312.0167236328125,
            "time-visible-first10": 373.575439453125
        },
        "2": {
            "GPM": 424.0,
            "XPM": 485.0,
            "average-check-duration": 0.7681163441051133,
            "creeps-missed": 0,
            "denies": 11,
            "denies-with-exp": 11,
            "initation-score": 0.0758128639816324,
            "lane-creeps": 479,
            "lasthits": 537,
            "n-checks": 418,
            "neutrals": 45,
            "num-of-deaths": 8,
            "num-of-fights": 60,
            "num-of-kills": 13,
            "steamid": 76561198003541947,
            "time-visible": 2082.5740966796875,
            "time-visible-first10": 474.0872802734375
        },
        "3": {
            "GPM": 324.0,
            "XPM": 488.0,
            "average-check-duration": 0.8453934695742548,
            "creeps-missed": 0,
            "denies": 26,
            "denies-with-exp": 20,
            "initation-score": 0.10281222381429883,
            "lane-creeps": 379,
            "lasthits": 451,
            "n-checks": 436,
            "neutrals": 52,
            "num-of-deaths": 8,
            "num-of-fights": 53,
            "num-of-kills": 16,
            "steamid": 76561198046966189,
            "time-visible": 1596.5379638671875,
            "time-visible-first10": 349.4510498046875
        },
        "4": {
            "GPM": 136.0,
            "XPM": 312.0,
            "average-check-duration": 0.8199597668572558,
            "creeps-missed": 0,
            "denies": 1,
            "denies-with-exp": 1,
            "initation-score": 0.08033166963843312,
            "lane-creeps": 100,
            "lasthits": 118,
            "n-checks": 317,
            "neutrals": 12,
            "num-of-deaths": 7,
            "num-of-fights": 40,
            "num-of-kills": 3,
            "steamid": 76561197967187728,
            "time-visible": 1113.984375,
            "time-visible-first10": 159.427734375
        },
        "5": {
            "GPM": 97.0,
            "XPM": 249.0,
            "average-check-duration": 0.5586737710399274,
            "creeps-missed": 0,
            "denies": 13,
            "denies-with-exp": 12,
            "initation-score": 0.16250146908305002,
            "lane-creeps": 76,
            "lasthits": 84,
            "n-checks": 479,
            "neutrals": 4,
            "num-of-deaths": 6,
            "num-of-fights": 34,
            "num-of-kills": 3,
            "steamid": 76561198054420884,
            "time-visible": 1165.14697265625,
            "time-visible-first10": 329.2630615234375
        },
        "6": {
            "GPM": 187.0,
            "XPM": 351.0,
            "average-check-duration": 0.9600987856079931,
            "creeps-missed": 0,
            "denies": 0,
            "denies-with-exp": 0,
            "initation-score": 0.15352683028334818,
            "lane-creeps": 129,
            "lasthits": 149,
            "n-checks": 588,
            "neutrals": 10,
            "num-of-deaths": 8,
            "num-of-fights": 42,
            "num-of-kills": 6,
            "steamid": 76561197986172872,
            "time-visible": 1293.38134765625,
            "time-visible-first10": 222.18212890625
        },
        "7": {
            "GPM": 522.0,
            "XPM": 486.0,
            "average-check-duration": 0.7212887659729256,
            "creeps-missed": 0,
            "denies": 5,
            "denies-with-exp": 5,
            "initation-score": 0.18809941496278446,
            "lane-creeps": 199,
            "lasthits": 313,
            "n-checks": 494,
            "neutrals": 101,
            "num-of-deaths": 7,
            "num-of-fights": 59,
            "num-of-kills": 11,
            "steamid": 76561198065514372,
            "time-visible": 1654.9688720703125,
            "time-visible-first10": 297.4041748046875
        },
        "8": {
            "GPM": 181.0,
            "XPM": 331.0,
            "average-check-duration": 0.6670748536258462,
            "creeps-missed": 0,
            "denies": 5,
            "denies-with-exp": 5,
            "initation-score": 0.18914455830530302,
            "lane-creeps": 71,
            "lasthits": 109,
            "n-checks": 443,
            "neutrals": 29,
            "num-of-deaths": 6,
            "num-of-fights": 60,
            "num-of-kills": 9,
            "steamid": 76561197998894475,
            "time-visible": 1197.260986328125,
            "time-visible-first10": 373.945068359375
        },
        "9": {
            "GPM": 419.0,
            "XPM": 491.0,
            "average-check-duration": 0.6104491005220941,
            "creeps-missed": 0,
            "denies": 17,
            "denies-with-exp": 15,
            "initation-score": 0.1489735008969712,
            "lane-creeps": 290,
            "lasthits": 397,
            "n-checks": 413,
            "neutrals": 95,
            "num-of-deaths": 7,
            "num-of-fights": 46,
            "num-of-kills": 13,
            "steamid": 76561197979938082,
            "time-visible": 1779.8804931640625,
            "time-visible-first10": 448.4268798828125
        }
    }
}